TOTAL,1381660
Olivia,18451
Emma,17102
Ava,14440
Sophia,13714
Isabella,13306
Charlotte,13138
Amelia,12862
Mia,12414
Harper,10442
Evelyn,10392
Abigail,9106
Emily,8213
Ella,8079
Elizabeth,7844
Camila,7809
Luna,7755
Sofia,7355
Avery,7311
Mila,7309
Aria,7072
Scarlett,7044
Penelope,6697
Layla,6478
Chloe,6361
Victoria,6344
Madison,6269
Eleanor,6164
Grace,6062
Nora,5899
Riley,5676
Zoey,5650
Hannah,5586
Hazel,5431
Lily,5419
Ellie,5404
Violet,5386
Lillian,5092
Zoe,5034
Stella,4965
Aurora,4952
Natalie,4782
Emilia,4751
Everly,4751
Leah,4739
Aubrey,4570
Willow,4566
Addison,4473
Lucy,4444
Audrey,4430
Bella,4354
Nova,4294
Brooklyn,4270
Paisley,4242
Savannah,4148
Claire,4111
Skylar,4022
Isla,4021
Genesis,4009
Naomi,3929
Elena,3920
Caroline,3900
Eliana,3868
Anna,3807
Maya,3782
Valentina,3782
Ruby,3707
Kennedy,3670
Ivy,3664
Ariana,3652
Aaliyah,3636
Cora,3567
Madelyn,3557
Alice,3527
Kinsley,3493
Hailey,3469
Gabriella,3461
Allison,3424
Gianna,3408
Serenity,3405
Samantha,3351
Sarah,3287
Autumn,3261
Quinn,3191
Eva,3165
Piper,3164
Sophie,3159
Sadie,3145
Delilah,3133
Josephine,3087
Nevaeh,3080
Adeline,3058
Arya,3043
Emery,2997
Lydia,2985
Clara,2929
Vivian,2911
Madeline,2849
Peyton,2848
Julia,2775
Rylee,2766
Brielle,2755
Reagan,2744
Natalia,2721
Jade,2703
Athena,2702
Maria,2700
Leilani,2685
Everleigh,2607
Liliana,2583
Melanie,2582
Mackenzie,2571
Hadley,2562
Raelynn,2556
Kaylee,2528
Rose,2507
Arianna,2495
Isabelle,2489
Melody,2444
Eliza,2436
Lyla,2435
Katherine,2431
Aubree,2326
Adalynn,2318
Kylie,2244
Faith,2243
Mary,2209
Margaret,2199
Ximena,2180
Iris,2179
Alexandra,2122
Jasmine,2092
Charlie,2067
Amaya,2045
Taylor,2042
Isabel,2038
Ashley,2019
Khloe,2015
Ryleigh,2005
Alexa,1995
Amara,1982
Valeria,1976
Andrea,1975
Parker,1966
Norah,1965
Eden,1943
Elliana,1943
Brianna,1918
Emersyn,1909
Valerie,1888
Anastasia,1886
Eloise,1883
Emerson,1853
Cecilia,1848
Remi,1848
Josie,1846
Alina,1824
Reese,1811
Bailey,1810
Lucia,1804
Adalyn,1793
Molly,1744
Ayla,1734
Sara,1731
Daisy,1726
London,1716
Jordyn,1714
Esther,1708
Genevieve,1699
Harmony,1693
Annabelle,1688
Alyssa,1682
Ariel,1674
Aliyah,1666
Londyn,1655
Juliana,1645
Morgan,1642
Summer,1630
Juliette,1627
Trinity,1627
Callie,1622
Sienna,1614
Blakely,1607
Alaia,1597
Kayla,1597
Teagan,1589
Alaina,1573
Brynlee,1570
Finley,1563
Catalina,1556
Sloane,1543
Rachel,1529
Lilly,1528
Ember,1527
Kimberly,1527
Juniper,1526
Sydney,1525
Arabella,1522
Gemma,1519
Jocelyn,1515
Freya,1509
June,1505
Lauren,1505
Amy,1471
Presley,1470
Georgia,1467
Journee,1467
Elise,1463
Rosalie,1460
Ada,1459
Laila,1449
Brooke,1431
Diana,1429
Olive,1423
River,1419
Payton,1417
Ariella,1415
Daniela,1404
Raegan,1398
Alayna,1388
Gracie,1388
Mya,1388
Blake,1383
Noelle,1383
Ana,1381
Leila,1379
Paige,1364
Lila,1363
Nicole,1355
Rowan,1344
Hope,1340
Ruth,1335
Alana,1332
Selena,1325
Marley,1321
Kamila,1319
Alexis,1318
Mckenzie,1317
Zara,1316
Millie,1307
Magnolia,1306
Kali,1305
Kehlani,1305
Catherine,1299
Maeve,1292
Adelyn,1289
Sawyer,1288
Elsie,1283
Lola,1283
Jayla,1281
Adriana,1277
Journey,1277
Vera,1276
Aspen,1275
Joanna,1271
Alivia,1268
Angela,1266
Dakota,1264
Camille,1263
Nyla,1263
Tessa,1262
Brooklynn,1256
Malia,1256
Makayla,1248
Rebecca,1246
Fiona,1245
Mariana,1244
Lena,1236
Julianna,1231
Vanessa,1221
Juliet,1220
Camilla,1216
Kendall,1212
Harley,1211
Cali,1208
Evangeline,1208
Mariah,1180
Jane,1179
Zuri,1179
Elaina,1167
Sage,1164
Amira,1160
Adaline,1159
Lia,1157
Charlee,1156
Delaney,1152
Lilah,1150
Miriam,1150
Angelina,1145
Mckenna,1144
Aniyah,1140
Phoebe,1139
Michelle,1137
Thea,1137
Hayden,1135
Maggie,1124
Lucille,1118
Amiyah,1104
Annie,1098
Alexandria,1096
Myla,1089
Vivienne,1087
Kiara,1083
Alani,1069
Margot,1061
Adelaide,1057
Briella,1054
Brynn,1054
Saylor,1048
Destiny,1037
Amari,1032
Evelynn,1023
Haven,1017
Phoenix,1017
Izabella,1014
Kaia,1007
Lilliana,1004
Harlow,1001
Alessandra,1000
Madilyn,997
Nina,995
Logan,990
Adelynn,989
Amina,984
Kate,982
Fatima,979
Samara,978
Winter,977
Giselle,975
Evie,968
Arielle,964
Jessica,962
Talia,962
Leia,953
Gabriela,952
Gracelyn,949
Lexi,949
Laura,944
Makenzie,941
Melissa,930
Royalty,926
Rylie,921
Raelyn,914
Gabrielle,911
Paris,909
Daleyza,906
Joy,906
Maisie,902
Oakley,902
Ariyah,901
Kailani,898
Alayah,892
Stephanie,891
Amora,887
Willa,885
Gracelynn,884
Elle,883
Keira,882
Tatum,880
Veronica,875
Milani,872
Felicity,865
Paislee,864
Allie,860
Nylah,858
Ariah,857
Cassidy,857
Lyric,857
Madeleine,856
Miracle,854
Gwendolyn,845
Octavia,844
Dahlia,843
Heidi,839
Celeste,835
Remington,832
Makenna,828
Everlee,826
Scarlet,825
Esmeralda,820
Maci,820
Lainey,816
Jacqueline,815
Kira,812
Lana,811
Brinley,806
Demi,806
Ophelia,804
Lennon,793
Reign,787
Bristol,786
Sabrina,782
Alaya,780
Jennifer,780
Kenzie,779
Angel,777
Luciana,777
Anaya,775
Hallie,774
Ryan,772
Camryn,771
Kinley,767
Daniella,766
Lilith,766
Blair,765
Amanda,763
Collins,763
Jordan,763
Maliyah,762
Rosemary,760
Cataleya,758
Kaylani,758
Gia,755
Alison,753
Leighton,752
Nadia,752
Sutton,750
Carolina,749
Skye,749
Alicia,748
Regina,748
Viviana,748
Yaretzi,748
Heaven,743
Serena,743
Raven,740
Emely,739
Carmen,738
Wren,738
Helen,737
Charleigh,735
Danielle,733
Daphne,733
Esme,733
Nayeli,733
Maddison,732
Sarai,725
Dylan,724
Frances,715
Elisa,710
Mabel,709
Skyler,709
Jenna,703
Emelia,699
Kaitlyn,696
Miranda,696
Marlee,694
Matilda,690
Selah,690
Jolene,688
Wynter,688
Hattie,687
Bianca,682
Haley,681
Lorelei,679
Mira,679
Braelynn,677
Annalise,676
Madelynn,676
Katie,674
Palmer,672
Aylin,671
Elliott,670
Kyla,669
Rory,669
Avianna,668
Liana,665
Shiloh,665
Kalani,664
Jada,663
Kelsey,661
Elianna,659
Jimena,659
Kora,658
Kamryn,655
Ainsley,654
Averie,652
Kensley,652
Helena,651
Holly,649
Emory,648
Macie,648
Amber,647
Zariah,646
Erin,644
Eve,644
Kathryn,644
Renata,643
Kayleigh,641
Emmy,639
Celine,638
Francesca,636
Fernanda,634
April,633
Shelby,629
Poppy,628
Colette,626
Meadow,626
Nia,626
Sierra,626
Cheyenne,624
Edith,623
Oaklynn,620
Kennedi,619
Abby,618
Danna,618
Jazlyn,618
Alessia,617
Mikayla,617
Alondra,616
Addilyn,614
Leona,612
Mckinley,612
Carter,610
Maren,608
Sylvia,605
Alejandra,598
Ariya,597
Astrid,597
Adrianna,596
Charli,593
Imani,592
Maryam,592
Christina,590
Stevie,585
Maia,584
Adelina,582
Dream,581
Aisha,574
Alanna,574
Itzel,574
Azalea,571
Katelyn,571
Kylee,570
Leslie,570
Madilynn,569
Myra,568
Virginia,567
Remy,566
Hanna,565
Aleah,564
Jaliyah,564
Antonella,563
Aviana,561
Cameron,561
Chelsea,556
Cecelia,555
Alia,554
Mae,554
Cadence,553
Emberly,552
Charley,548
Janelle,548
Mallory,546
Kaliyah,545
Elaine,544
Gloria,544
Jayleen,543
Lorelai,543
Malaysia,543
Bethany,542
Briana,542
Beatrice,541
Dorothy,540
Rosie,540
Jemma,538
Noa,536
Carly,535
Mariam,531
Anne,530
Karina,529
Emmalyn,528
Ivory,528
Ivanna,527
Jamie,527
Kara,526
Aitana,525
Jayda,524
Justice,524
Meredith,524
Briar,523
Skyla,523
Khaleesi,522
Dayana,520
Julieta,520
Katalina,519
Kendra,518
Oaklyn,518
Ashlyn,516
Armani,515
Jazmin,513
Kyra,511
Angelica,508
Zahra,508
Dallas,507
Johanna,507
Elliot,506
Macy,506
Monroe,505
Kimber,503
Henley,501
Ari,500
Karsyn,500
Lyanna,499
Lilian,498
Amalia,497
Nola,497
Dior,496
Aleena,495
Megan,493
Michaela,492
Amirah,490
Cassandra,490
Melany,490
Legacy,489
Reyna,488
Alma,487
Emmie,485
Melina,484
Siena,484
Priscilla,480
Ashlynn,478
Savanna,478
Sloan,478
Tiana,477
Aubrie,476
Coraline,476
Reina,476
Allyson,473
Kaydence,472
Sasha,472
Julie,471
Alexia,466
Irene,464
Marilyn,462
Greta,459
Braelyn,458
Emerie,457
Lylah,455
Nalani,454
Monica,453
Aileen,451
Lauryn,451
Anahi,449
Aurelia,449
Kassidy,448
Rayna,448
Romina,447
Lillie,446
Marie,446
Rosa,446
Saige,446
Bonnie,445
Kelly,445
Xiomara,445
Annabella,444
Avah,441
Lacey,441
Anya,440
Liberty,440
Karen,438
Mercy,437
Zelda,434
Baylee,433
Chaya,433
Kenna,432
Roselyn,432
Liv,431
Mara,431
Ensley,430
Malani,430
Malaya,430
Hadassah,428
Lyra,428
Adley,427
Galilea,427
Jaylah,427
Karla,425
Nala,425
Opal,424
Aliza,423
Milena,423
Ailani,422
Louisa,422
Mina,422
Kairi,421
Clementine,420
Louise,420
Maleah,420
Janiyah,418
Marina,417
Anika,416
Julissa,415
Bailee,414
Hayley,414
Jessie,414
Laney,414
Eileen,413
Faye,413
Kynlee,413
Tiffany,413
Lara,412
Angie,411
Joelle,410
Rhea,409
Calliope,406
Jazmine,405
Amani,401
Haylee,401
Aliana,400
Leyla,398
Jolie,397
Kinslee,397
Ryann,397
Simone,397
Milan,396
Lennox,395
Treasure,395
Alora,394
Ellis,394
Rebekah,394
Mikaela,392
Lina,391
Harmoni,390
Yareli,390
Giuliana,389
Lea,388
Harlee,387
Elyse,385
Frida,385
Blaire,384
Aya,383
Laurel,383
Meghan,383
Pearl,383
Zaylee,383
Alena,382
Holland,382
Bria,381
Rayne,381
Bridget,380
Zariyah,380
Kori,379
Frankie,378
Clarissa,377
Brylee,375
Davina,375
Rivka,375
Cynthia,373
Zaria,373
Madalyn,372
Paula,372
Salem,372
Amelie,370
Madisyn,370
Vienna,370
Haisley,369
Ainhoa,367
Journi,367
Karter,367
Oaklee,367
Livia,366
Miley,365
Adele,364
Amaia,364
Yara,362
Averi,361
Emmeline,359
Kyleigh,359
Princess,359
Penny,358
Sariyah,357
Amayah,356
Crystal,356
Keyla,355
Lilyana,355
Linda,355
Aniya,354
Marianna,354
Alaiya,353
Noemi,353
Chanel,352
Estella,352
Isabela,352
Jillian,352
Kallie,352
Ellianna,350
Elsa,350
Itzayana,350
Zora,349
Estelle,348
Chana,347
Raina,347
Royal,347
Sunny,347
Estrella,346
Martha,346
Ellen,345
Kailey,345
Maxine,345
Clare,342
Teresa,342
Annika,341
Kamilah,340
Azariah,339
Della,339
Addyson,338
Kai,338
Lilianna,338
Tinsley,336
Yaritza,336
Navy,335
Winnie,335
Andi,333
Kamiyah,333
Waverly,333
Sky,332
Amaris,331
Ramona,331
Saoirse,331
Hana,330
Judith,330
Halle,329
Laylah,329
Novalee,329
Jaycee,328
Zaniyah,328
Alianna,327
Paulina,327
Jayde,326
Thalia,326
Giovanna,325
Gwen,325
Iliana,324
Elora,323
Ezra,323
Kaylie,322
Braylee,321
Mavis,319
Ellison,318
Margo,318
Mylah,318
Paisleigh,318
Analia,317
August,317
Brittany,316
Kaisley,316
Belen,315
Promise,315
Amiya,314
Dalary,314
Veda,314
Alisson,313
Keilani,313
Oakleigh,313
Guadalupe,312
Leanna,311
Rosalyn,311
Selene,311
Theodora,311
Kamari,310
Anais,309
Elodie,308
Celia,307
Dani,307
Hunter,307
Indie,307
Kenia,307
Nellie,307
Belle,306
Kataleya,306
Lexie,306
Miah,306
Rylan,306
Sylvie,306
Valery,306
Addilynn,305
Dulce,305
Marissa,305
Meilani,305
Natasha,305
Jaylee,304
Kimora,304
Raquel,304
Scarlette,304
Aliya,303
Nataly,303
Whitney,303
Corinne,300
Denver,300
Nathalie,298
Kiera,297
Milana,297
Vada,297
Violeta,297
Luz,296
Addisyn,295
Casey,295
Deborah,293
Tori,293
Zainab,293
Erika,292
Jenesis,292
Avalynn,291
Nancy,291
Emmalynn,290
Hadlee,290
Heavenly,290
Aubrielle,289
Elisabeth,289
Salma,289
Adalee,288
Landry,288
Malayah,288
Novah,288
Egypt,287
Ayleen,286
Blessing,286
Elina,286
Joyce,286
Myah,286
Zoie,286
Christine,285
Jaelynn,285
Persephone,285
Chandler,284
Emmaline,284
Paloma,284
Harleigh,283
Noor,283
Paola,283
India,282
Madalynn,282
Rosalee,282
Florence,281
Maliah,281
Flora,280
Luella,280
Patricia,280
Whitley,280
Carolyn,279
Kathleen,279
Keily,279
Kiana,279
Tenley,279
Alyson,278
Barbara,278
Dana,278
Yasmin,278
Bexley,277
Micah,277
Tatiana,277
Arden,276
Aubriella,276
Lindsey,276
Emani,274
Hailee,274
Lisa,274
Sevyn,274
Fallon,273
Magdalena,273
Tinley,273
Halo,272
Lailah,272
Arlette,271
Ansley,270
Esperanza,270
Cleo,269
Aila,268
Emerald,268
Jaelyn,268
Karlee,267
Kaya,267
Ingrid,266
Jewel,266
Emilee,264
Giana,263
Paityn,263
Zola,263
Amoura,262
Renee,262
Ann,261
Berkley,261
Harriet,261
Queen,261
Sariah,261
Beatrix,260
Sandra,260
Alannah,259
Austyn,259
Freyja,259
Kaylin,259
Samira,259
Taliyah,259
Hadleigh,258
Kaiya,258
Robin,258
Luisa,257
Zendaya,257
Ariadne,256
Dixie,256
Naya,256
Adrienne,255
Rilynn,255
Nyomi,254
Seraphina,254
Artemis,253
Kadence,253
Leena,253
Libby,253
Marcella,253
Marisol,253
Tara,253
Aspyn,252
Loretta,252
Azaria,251
Bellamy,251
Cara,251
Carla,251
Etta,251
Majesty,251
Honesty,250
Jaylene,250
Joselyn,250
Lillianna,250
Violette,250
Aadhya,249
Cherish,249
Arely,248
Ayva,248
Emilie,248
Yamileth,248
Ila,247
Kailyn,247
Karlie,247
Marleigh,247
Micaela,247
Nori,247
Saanvi,247
Abril,246
Scout,246
Dalia,245
Lizbeth,245
Evalyn,244
Iyla,244
Kaelyn,244
Kenley,243
Khalani,243
Angelique,242
Claudia,242
Kassandra,242
Kaylynn,242
Erica,241
Marlowe,241
Sarahi,241
Spencer,241
Susan,240
Everley,239
Layne,239
Carina,238
Raya,238
Aminah,237
Brynleigh,237
Jana,237
Jazlynn,237
Desiree,236
Loyalty,236
Marceline,236
Perla,236
Brenda,235
Mollie,235
Patience,235
Ayah,233
Melani,233
Viola,233
Elia,232
Jovie,232
Jurnee,232
Robyn,232
Chevelle,231
Khari,231
Naila,231
Neveah,230
Rhylee,230
Rosalina,230
Nailah,229
Raylee,229
Alisha,228
Cordelia,228
Emiliana,228
Aliah,227
Antonia,227
Leilany,227
Dara,226
Kenya,226
Annalee,225
Lianna,225
Danica,224
Janessa,224
Joslyn,223
Layan,223
Eleanora,222
Lenora,222
Wendy,222
Amia,221
Birdie,221
Lilia,221
Aislinn,220
Zoya,220
Darcy,219
Mattie,219
Monserrat,219
Vayda,219
Annabel,218
Arleth,218
Farrah,217
Noah,217
Zhavia,217
Jaida,216
Kamora,216
Sonia,216
Kaleah,215
Nuri,215
Celina,214
Evalynn,214
Maisy,214
Zayla,214
Agnes,213
Billie,213
Elissa,213
Maddie,213
Soraya,213
Alyvia,212
Annette,212
Aryanna,212
Audrina,212
Giavanna,212
Moriah,212
Nathalia,212
Aranza,211
Kristina,211
Avalyn,210
Khadija,210
Meera,210
Akira,209
Clover,209
Ivana,209
Kamilla,209
Raylynn,209
Araceli,208
Breanna,208
Melania,208
Rowyn,208
Rylynn,207
Sailor,207
Soleil,207
Carsyn,206
Caylee,206
Kailee,206
Amarah,205
Jordynn,205
Sapphire,205
Alisa,204
Ciara,204
Devyn,204
Lakelyn,204
Miya,204
Selina,204
Tegan,204
Marjorie,203
Shea,203
Stormi,203
Zion,203
Baylor,202
Ireland,201
Laylani,201
Maylee,201
Milah,201
Ayana,200
Kahlani,198
Nathaly,198
Rae,198
Shay,198
Caitlyn,197
Cassie,197
Jaylin,197
Londynn,197
Noel,197
Roxanne,197
Sharon,197
Hensley,196
Mireya,196
Ellery,195
Tabitha,195
Amya,194
Anniston,194
Blayke,194
Jenny,194
Riya,194
Aarna,193
Aiyana,193
Bryleigh,193
Kinzley,193
Mercedes,193
Roselynn,193
Shayla,193
Xena,193
Adela,192
Asha,192
Elayna,192
Jayden,192
Maelynn,192
Ocean,192
Vivianna,192
Vivien,192
Wrenley,192
Aarya,191
Andie,191
Elouise,191
Montserrat,191
Vida,191
Winifred,191
Emberlynn,190
Indigo,190
Maryjane,190
Anita,189
Campbell,189
Janae,189
Jaylynn,189
Karma,189
Leela,189
Adilene,188
Courtney,188
Dalilah,188
Diamond,188
Guinevere,188
Kamille,188
Keren,188
Roslyn,188
Addie,187
Ailyn,187
Amethyst,187
Marian,187
Mariyah,187
Zia,187
Bayleigh,186
Kaira,186
Quincy,186
Rayleigh,186
Rhiannon,186
Rubi,186
Tallulah,186
Jessa,185
Maelyn,185
Dania,184
Drew,184
Nayla,184
Rosalind,184
Samiyah,184
Aida,183
Annelise,183
Ayanna,183
Charity,183
Kyndall,183
Rowen,183
Aimee,182
Brynley,182
Dina,182
Lincoln,182
Theresa,182
Carlee,181
Coral,181
Emberlee,181
Jasmin,181
Katelynn,181
Ida,180
Keziah,180
Kinsleigh,180
Lorena,180
Silvia,180
Amal,179
Cristina,179
Malka,179
Margaux,179
Alaysia,178
Amyra,178
Cambria,178
Khalia,178
Rosalia,178
Susanna,178
Ally,177
Capri,177
Journei,177
Kaycee,177
Taytum,177
Elin,176
Mazikeen,176
Murphy,176
Sidney,176
Adilynn,175
Alaiyah,175
Brenna,175
Kylah,175
Mazie,175
Anabella,174
Evelina,174
Jaylani,174
Kristen,174
Lilyanna,174
Maleni,174
Marigold,174
Saniyah,174
Adira,173
Carmella,173
Elowyn,173
Lesly,173
Mika,173
Addalyn,172
Araya,172
Cindy,172
Colbie,172
Petra,172
Valencia,172
Ziva,172
Addalynn,171
Elowen,171
Finnley,171
Julianne,171
Kacey,171
Kensington,171
Liah,171
Maisyn,171
Prisha,171
Alita,170
Eliyanah,170
Kalina,170
Litzy,170
Ripley,170
Tilly,170
Angeline,169
Asia,169
Brayleigh,169
Kalia,169
Rebeca,169
Rita,169
Beverly,168
Annaleigh,167
Elliette,167
Jazzlyn,167
Madyson,167
Dailyn,166
Gwyneth,166
Katerina,166
Leilah,166
Memphis,166
Amiah,165
Anyla,165
Carlie,165
Carson,165
Emi,165
Jubilee,165
Nyra,165
Serafina,165
Skylah,165
Aleia,164
Ariela,164
Aryana,164
Belinda,164
Isha,164
Karleigh,164
Ryder,164
Darla,163
Eleni,163
Kynslee,163
Zahara,163
Althea,162
Anabelle,162
Audriana,162
Calista,162
Diya,162
Heather,162
Karmen,162
Marlie,162
Zella,162
Zhuri,162
Amberly,161
Aryah,161
Ashtyn,161
Denise,161
Elinor,161
Goldie,161
Inaaya,161
Maizie,161
Rosalynn,161
Tala,161
Austin,160
Betty,160
Geneva,160
Kalea,160
Macey,160
Nadine,160
Raleigh,160
Ashanti,159
Cecily,159
Imogen,159
Ruthie,159
Sally,159
Stormy,159
Tia,159
Yalitza,159
Alba,158
Grecia,158
Journie,158
Lorraine,158
Sherlyn,158
Stacy,158
Tess,158
Ariadna,157
Brynnlee,157
Ira,157
Jersey,157
Marlene,157
America,156
Bryanna,156
Inaya,156
Marin,156
Yuna,156
Anayah,155
Aubri,155
Elara,155
Isadora,155
Janiya,155
Kasey,155
Shanaya,155
Yuliana,155
Zaya,155
Aadya,154
Jael,154
Taya,154
Ameera,153
Emmalee,153
Krystal,153
Leylani,153
Temperance,153
Yasmine,153
Yusra,153
Empress,152
Klara,152
Mariella,152
Natalee,152
Alissa,151
Arie,151
Emmarie,151
Kaleigh,151
Skylynn,151
Yarely,151
Zaira,151
Aleyna,150
Amilia,150
Ayvah,150
Briley,150
Karis,150
Maite,150
Taryn,150
Tyler,150
Alex,149
Ayesha,149
Bentley,149
Carmela,149
Chiara,149
Dariana,149
Ema,149
Giada,149
Gisselle,149
Kelsie,149
Annistyn,148
Bryn,148
Delia,148
Gitty,148
Preslee,148
Aura,147
Essence,147
Georgina,147
Letty,147
Makena,147
Regan,147
Sia,147
Cielo,146
Geraldine,146
Haddie,146
Laikyn,146
Nelly,146
Sana,146
Shannon,146
Shirley,146
Sofie,146
Ivey,145
Jazelle,145
Pamela,145
Tamia,145
Arwen,144
Jamila,144
Judy,144
Pepper,144
Rain,144
Reya,144
Rori,144
Siya,144
True,144
Charlize,143
Larissa,143
Lindsay,143
Brinlee,142
Daenerys,142
Danika,142
Emry,142
Katrina,142
Kyrie,142
Natalya,142
Renesmee,142
Sahara,142
Sol,142
Symphony,142
Tania,142
Aanya,141
Blythe,141
Caitlin,141
Janie,141
Kari,141
Laken,141
Marcela,141
Abbigail,140
Janice,140
Juana,140
Kamiya,140
Katarina,140
Kayleen,140
Lailani,140
Martina,140
Saniya,140
Teigan,140
Asiya,139
Audra,139
Bernadette,139
Emme,139
Janyla,139
Marion,139
Mayra,139
Zarah,139
Ananya,138
Dayanna,138
Esmae,138
Faigy,138
Jalayah,138
Lizeth,138
Addelyn,137
Ashton,137
Beatriz,137
Evangelina,137
Kaci,137
Kaila,137
Lettie,137
Shoshana,137
Alara,136
Azul,136
Elly,136
Emberlyn,136
Gaia,136
Harlie,136
Lucie,136
Starr,136
Delta,135
Ela,135
Giulia,135
Jude,135
Kenzley,135
Rhyan,135
Sanaa,135
Toni,135
Amariah,134
Annabeth,134
Carleigh,134
Edie,134
Eunice,134
Irie,134
Jaclyn,134
Sanai,134
Heidy,133
Lillyanna,133
May,133
Mckayla,133
Merritt,133
Nya,133
Safa,133
Zinnia,133
Avalon,132
Baila,132
Haleigh,132
Jaleah,132
Joan,132
Jocelynn,132
Joey,132
Kya,132
Maura,132
Reece,132
Violetta,132
Ziya,132
Zyla,132
Carley,131
Devorah,131
Eisley,131
Georgiana,131
Harlem,131
Harlyn,131
Jolee,131
Paulette,131
Yesenia,131
Annaliese,130
Aracely,130
Hollyn,130
Izabelle,130
Khadijah,130
Kynleigh,130
Liza,130
Mariela,130
Priya,130
Vivianne,130
Alessa,129
Bree,129
Damaris,129
Graciela,129
Italy,129
Jazmyn,129
Kaelynn,129
Kenzi,129
Lottie,129
Rochel,129
Star,129
Aubrianna,128
Christiana,128
Inara,128
Korra,128
Lidia,128
Milania,128
Saphira,128
Ali,127
Avril,127
Gentry,127
Hollis,127
Jhene,127
Keila,127
Nahla,127
Naima,127
Rihanna,127
Wilhelmina,127
Yamilet,127
Anylah,126
Arlet,126
Jacquelyn,126
Love,126
Miyah,126
Sahana,126
Winona,126
Aleyah,125
Arizona,125
Deanna,125
Gianni,125
Irina,125
Jianna,125
Jovi,125
Linnea,125
Lori,125
Lucinda,125
Nila,125
Noelani,125
Pyper,125
Santana,125
Suri,125
Zaina,125
Adaleigh,124
Hartley,124
Kelani,124
Lakelynn,124
Maple,124
Millicent,124
Noelia,124
Tamara,124
Emrie,123
Estela,123
Ester,123
Huntleigh,123
Karely,123
Kayden,123
Novaleigh,123
Salome,123
Taelynn,123
Adina,122
Ayra,122
Darlene,122
Janet,122
Kailynn,122
Kinlee,122
Marlow,122
Nyah,122
Raine,122
Reem,122
Romy,122
Yvette,122
Anaiah,121
Aries,121
Brighton,121
Cori,121
Destinee,121
Estefania,121
Tianna,121
Abrielle,120
Adalie,120
Angely,120
Arlene,120
Armoni,120
Delanie,120
Elana,120
Elyana,120
Farah,120
Jamiyah,120
Kaley,120
Lois,120
Montana,120
Samiya,120
Shreya,120
Sybil,120
Atarah,119
Kyah,119
Leticia,119
Lucero,119
Aleigha,118
Amaria,118
Amiracle,118
Blakelee,118
Blakelyn,118
Doris,118
Elani,118
Gina,118
Gracyn,118
Ines,118
Karoline,118
Nicolette,118
Rosemarie,118
Samaira,118
Yuri,118
Akshara,117
Alaiah,117
Bennett,117
Cattleya,117
Elisha,117
Kyler,117
Layna,117
Odessa,117
Presleigh,117
Lula,116
Malak,116
Marlo,116
Yazmin,116
Cambrie,115
Emmi,115
Kingsley,115
Maliya,115
Nell,115
Niyah,115
Sterling,115
Tru,115
Yael,115
Adalina,114
Anneliese,114
Clarke,114
Indy,114
Isabell,114
Julietta,114
Karolina,114
Kenzlee,114
Lavender,114
Maritza,114
Nariah,114
Odette,114
Rian,114
Sarina,114
Story,114
Vaeda,114
Zaynab,114
Alya,113
Ashly,113
Blanca,113
Daria,113
Denisse,113
Jakayla,113
Jaylen,113
Lakyn,113
Lillith,113
Mari,113
Moira,113
Theia,113
Tillie,113
Verity,113
Xyla,113
Camden,112
Carol,112
Claira,112
Daylin,112
Donna,112
Emeri,112
Havana,112
Hudson,112
Jaslyn,112
Katia,112
Lela,112
Lillyana,112
Maryn,112
Yvonne,112
Anaisha,111
Calla,111
Glory,111
Harmonie,111
Jiya,111
Kacie,111
Kaidence,111
Kamdyn,111
Kiley,111
Liz,111
Lynlee,111
Raeleigh,111
Ridley,111
Shyla,111
Venus,111
Xochitl,111
Charlene,110
Dalila,110
Rosaleigh,110
Scottie,110
Danae,109
Fatimah,109
Hawa,109
Jannah,109
Kaitlynn,109
Kynzlee,109
Margarita,109
Rio,109
Roxana,109
Skylee,109
Yaretzy,109
Zadie,109
Zelie,109
Amor,108
Analise,108
Blessyn,108
Iman,108
Jupiter,108
Nariyah,108
Prudence,108
Valkyrie,108
Bowie,107
Cienna,107
Evalina,107
Kynnedi,107
Lanie,107
Maddox,107
Neriah,107
Noella,107
Ramsey,107
Tahlia,107
Unique,107
Areli,106
Aylah,106
Emelyn,106
Fern,106
Johana,106
Kaliah,106
Kamya,106
Kenleigh,106
Kourtney,106
Laniyah,106
Laya,106
Leanne,106
Lilyann,106
Milagros,106
Mona,106
Adah,105
Beckett,105
Estefany,105
Ever,105
Gwenyth,105
Honor,105
Jaina,105
Jaya,105
Kaylen,105
Leigha,105
Melodie,105
Navya,105
Pippa,105
Safiya,105
Bellarose,104
Cheyanne,104
Indiana,104
Iva,104
Izzabella,104
Jalani,104
Karissa,104
Kinleigh,104
Naveah,104
Navi,104
Rilee,104
Aislynn,103
Anjali,103
Constance,103
Cooper,103
Juno,103
Leni,103
Malky,103
Milly,103
Naia,103
Rivky,103
Storm,103
Yoselin,103
Adalia,102
Adilyn,102
Amila,102
Avalee,102
Emmerson,102
Karly,102
Kyndal,102
Laine,102
Marli,102
Mileena,102
Nechama,102
Ryley,102
Taelyn,102
Taliah,102
Alanis,101
Audree,101
Avani,101
Dora,101
Kaylyn,101
Makiyah,101
Miller,101
Misha,101
Mylee,101
Dominique,100
Finleigh,100
Kodi,100
Liya,100
Lux,100
Mayah,100
Mckinlee,100
Riverlyn,100
Tina,100