TOTAL,1560164
Liam,20502
Noah,19048
Oliver,13891
William,13542
Elijah,13300
James,13087
Benjamin,12942
Lucas,12412
Mason,11408
Ethan,11241
Alexander,11230
Henry,10704
Jacob,10679
Michael,10514
Daniel,10504
Logan,10490
Jackson,10102
Sebastian,9828
Jack,9349
Aiden,9326
Owen,9302
Samuel,9237
Matthew,9199
Joseph,9058
Levi,8973
Mateo,8962
David,8896
John,8779
Wyatt,8772
Carter,8631
Julian,8401
Luke,8375
Grayson,8237
Isaac,8148
Jayden,7903
Theodore,7839
Gabriel,7678
Anthony,7669
Dylan,7514
Leo,7454
Lincoln,7432
Jaxon,7221
Asher,6984
Christopher,6960
Josiah,6767
Andrew,6757
Thomas,6612
Joshua,6574
Ezra,6489
Hudson,6462
Charles,6348
Caleb,6345
Isaiah,6150
Ryan,6087
Nathan,6049
Adrian,5755
Christian,5739
Maverick,5729
Colton,5710
Elias,5690
Aaron,5509
Eli,5483
Landon,5471
Jonathan,5418
Nolan,5384
Hunter,5353
Cameron,5226
Connor,5140
Santiago,5027
Jeremiah,5026
Ezekiel,4890
Angel,4883
Roman,4877
Easton,4862
Miles,4840
Robert,4813
Jameson,4649
Nicholas,4601
Greyson,4553
Cooper,4529
Ian,4525
Carson,4495
Axel,4479
Jaxson,4472
Dominic,4410
Leonardo,4408
Luca,4401
Austin,4369
Jordan,4306
Adam,4168
Xavier,4162
Jose,4108
Jace,4067
Everett,4058
Declan,3951
Evan,3942
Kayden,3887
Parker,3878
Wesley,3731
Kai,3718
Brayden,3656
Bryson,3606
Weston,3563
Jason,3555
Emmett,3541
Sawyer,3535
Silas,3531
Bennett,3504
Brooks,3493
Micah,3461
Damian,3437
Harrison,3437
Waylon,3429
Ayden,3345
Vincent,3336
Ryder,3295
Kingston,3246
Rowan,3204
George,3175
Luis,3174
Chase,3152
Cole,3077
Nathaniel,3072
Zachary,3064
Ashton,3027
Braxton,3003
Gavin,3002
Tyler,2995
Diego,2973
Bentley,2951
Amir,2948
Beau,2912
Gael,2891
Carlos,2832
Ryker,2800
Jasper,2774
Max,2735
Juan,2691
Ivan,2680
Brandon,2671
Jonah,2666
Giovanni,2646
Kaiden,2635
Myles,2634
Calvin,2630
Lorenzo,2630
Maxwell,2617
Jayce,2611
Kevin,2610
Legend,2556
Tristan,2554
Jesus,2530
Jude,2527
Zion,2524
Justin,2516
Maddox,2463
Abel,2453
King,2450
Camden,2442
Elliott,2435
Malachi,2419
Milo,2416
Emmanuel,2410
Karter,2407
Rhett,2378
Alex,2376
August,2366
River,2349
Xander,2323
Antonio,2279
Brody,2234
Finn,2233
Elliot,2228
Dean,2211
Emiliano,2200
Eric,2187
Miguel,2176
Arthur,2173
Matteo,2148
Graham,2140
Alan,2136
Nicolas,2134
Blake,2132
Thiago,2131
Adriel,2119
Victor,2088
Joel,2079
Timothy,2069
Hayden,2053
Judah,2041
Abraham,2039
Edward,2037
Messiah,2021
Zayden,2009
Theo,2002
Tucker,2000
Grant,1975
Richard,1969
Alejandro,1963
Steven,1962
Jesse,1947
Dawson,1945
Bryce,1936
Avery,1923
Oscar,1882
Patrick,1870
Archer,1867
Barrett,1859
Leon,1853
Colt,1826
Charlie,1819
Peter,1799
Kaleb,1777
Lukas,1777
Beckett,1764
Jeremy,1754
Preston,1734
Enzo,1710
Luka,1700
Andres,1698
Marcus,1694
Felix,1680
Mark,1678
Ace,1666
Brantley,1658
Atlas,1649
Remington,1645
Maximus,1637
Matias,1634
Walker,1627
Kyrie,1616
Griffin,1612
Kenneth,1611
Israel,1604
Javier,1601
Kyler,1599
Jax,1591
Amari,1584
Zane,1576
Emilio,1570
Knox,1552
Adonis,1537
Aidan,1535
Kaden,1522
Paul,1495
Omar,1479
Brian,1465
Louis,1463
Caden,1458
Maximiliano,1451
Holden,1450
Paxton,1437
Nash,1434
Bradley,1431
Bryan,1418
Simon,1404
Phoenix,1399
Lane,1398
Josue,1397
Colin,1386
Rafael,1381
Kyle,1374
Riley,1365
Jorge,1357
Beckham,1356
Cayden,1356
Jaden,1349
Emerson,1335
Ronan,1334
Karson,1317
Arlo,1310
Tobias,1306
Brady,1300
Clayton,1297
Francisco,1290
Zander,1281
Erick,1279
Walter,1275
Daxton,1269
Cash,1253
Martin,1244
Damien,1233
Dallas,1222
Cody,1203
Chance,1197
Jensen,1192
Finley,1190
Jett,1188
Corbin,1178
Kash,1176
Reid,1176
Kameron,1173
Andre,1171
Gunner,1166
Jake,1166
Hayes,1158
Manuel,1142
Prince,1141
Bodhi,1126
Cohen,1124
Sean,1120
Khalil,1118
Hendrix,1117
Derek,1108
Cristian,1105
Cruz,1104
Kairo,1104
Dante,1091
Atticus,1086
Killian,1086
Stephen,1084
Orion,1072
Malakai,1068
Ali,1065
Eduardo,1060
Fernando,1060
Anderson,1052
Angelo,1048
Spencer,1031
Gideon,1027
Mario,1024
Titus,1024
Travis,1024
Rylan,1017
Kayson,1015
Ricardo,1014
Tanner,1013
Malcolm,1011
Raymond,1011
Odin,1007
Cesar,1003
Lennox,1002
Joaquin,999
Kane,997
Wade,993
Muhammad,992
Iker,991
Jaylen,991
Crew,988
Zayn,985
Hector,982
Ellis,970
Leonel,970
Cairo,969
Garrett,966
Romeo,963
Dakota,959
Edwin,955
Warren,951
Julius,942
Major,942
Donovan,941
Caiden,928
Tyson,926
Nico,922
Sergio,922
Nasir,921
Rory,921
Devin,910
Jaiden,908
Jared,908
Kason,890
Malik,879
Jeffrey,876
Ismael,871
Elian,869
Marshall,866
Lawson,865
Desmond,856
Winston,856
Nehemiah,852
Ari,851
Conner,843
Jay,837
Kade,835
Andy,831
Johnny,831
Jayceon,827
Marco,827
Seth,824
Ibrahim,819
Raiden,818
Collin,816
Edgar,810
Erik,810
Troy,804
Clark,801
Jaxton,800
Johnathan,800
Gregory,798
Russell,797
Royce,795
Fabian,793
Ezequiel,792
Noel,790
Pablo,787
Cade,784
Pedro,781
Sullivan,776
Trevor,775
Reed,774
Quinn,769
Frank,768
Harvey,762
Princeton,758
Zayne,756
Matthias,749
Conor,747
Sterling,746
Dax,745
Grady,745
Cyrus,744
Gage,742
Leland,738
Solomon,737
Emanuel,736
Niko,736
Ruben,735
Kasen,734
Mathias,734
Kashton,733
Franklin,732
Remy,732
Shane,725
Kendrick,716
Shawn,714
Otto,713
Armani,712
Keegan,711
Finnegan,709
Memphis,707
Bowen,706
Dominick,705
Kolton,704
Jamison,698
Allen,695
Philip,693
Tate,693
Peyton,691
Jase,686
Oakley,686
Rhys,686
Kyson,685
Adan,684
Esteban,682
Dalton,679
Gianni,679
Callum,668
Sage,666
Alexis,665
Milan,659
Moises,659
Jonas,655
Uriel,655
Colson,654
Marcos,654
Zaiden,651
Hank,649
Damon,647
Hugo,644
Ronin,644
Royal,644
Kamden,636
Dexter,633
Luciano,632
Alonzo,631
Augustus,631
Kamari,631
Eden,630
Roberto,629
Baker,618
Bruce,616
Kian,616
Albert,614
Frederick,613
Mohamed,611
Abram,608
Omari,608
Porter,608
Enrique,605
Alijah,603
Francis,603
Leonidas,603
Zachariah,603
Landen,593
Wilder,590
Apollo,589
Santino,588
Tatum,588
Pierce,587
Forrest,582
Corey,579
Derrick,578
Isaias,578
Kaison,575
Kieran,575
Arjun,573
Gunnar,572
Rocco,572
Emmitt,569
Abdiel,567
Braylen,566
Maximilian,565
Skyler,563
Phillip,561
Benson,560
Cannon,557
Deacon,557
Dorian,557
Asa,555
Moses,553
Ayaan,551
Jayson,551
Raul,550
Briggs,549
Armando,548
Nikolai,548
Cassius,547
Drew,547
Rodrigo,546
Raphael,542
Danny,541
Conrad,539
Moshe,539
Zyaire,539
Julio,537
Casey,536
Ronald,536
Scott,536
Callan,535
Roland,535
Saul,535
Jalen,533
Brycen,531
Ryland,529
Lawrence,527
Davis,526
Rowen,525
Zain,524
Ermias,519
Jaime,518
Duke,516
Stetson,515
Alec,514
Yusuf,514
Case,513
Trenton,512
Callen,509
Ariel,508
Jasiah,508
Soren,507
Dennis,506
Donald,506
Keith,506
Izaiah,505
Lewis,501
Kylan,500
Kobe,499
Makai,498
Rayan,497
Ford,496
Zaire,494
Landyn,493
Roy,493
Bo,489
Chris,489
Jamari,489
Ares,486
Mohammad,486
Darius,485
Drake,483
Tripp,483
Marcelo,482
Samson,482
Dustin,481
Layton,480
Gerardo,479
Johan,479
Kaysen,479
Keaton,479
Reece,477
Chandler,475
Lucca,475
Mack,474
Baylor,473
Kannon,473
Marvin,470
Huxley,469
Nixon,469
Tony,466
Cason,465
Mauricio,465
Quentin,465
Edison,463
Quincy,463
Ahmed,461
Finnley,460
Justice,458
Taylor,458
Gustavo,457
Brock,453
Ahmad,452
Kyree,451
Arturo,450
Nikolas,449
Boston,448
Sincere,448
Alessandro,447
Braylon,443
Colby,443
Leonard,442
Ridge,442
Trey,441
Aden,440
Leandro,440
Sam,440
Uriah,440
Ty,439
Sylas,437
Axton,436
Issac,435
Fletcher,433
Julien,433
Wells,432
Alden,431
Vihaan,431
Jamir,430
Valentino,429
Shepherd,427
Keanu,426
Hezekiah,425
Lionel,425
Kohen,423
Zaid,423
Alberto,422
Neil,422
Denver,419
Aarav,418
Brendan,418
Dillon,418
Koda,418
Sutton,417
Kingsley,416
Sonny,415
Alfredo,414
Wilson,414
Harry,413
Jaziel,413
Salvador,411
Cullen,408
Hamza,407
Dariel,406
Rex,406
Zeke,403
Mohammed,400
Nelson,400
Boone,399
Ricky,399
Santana,399
Cayson,398
Lance,398
Raylan,398
Lucian,397
Eliel,396
Alvin,395
Jagger,391
Braden,387
Curtis,385
Mathew,385
Jimmy,382
Kareem,382
Archie,381
Amos,380
Quinton,380
Yosef,378
Bodie,377
Jerry,377
Langston,377
Axl,375
Stanley,375
Clay,374
Douglas,372
Layne,372
Titan,372
Tomas,372
Houston,371
Darren,370
Lachlan,369
Kase,367
Korbin,366
Leighton,362
Joziah,361
Samir,360
Watson,360
Colten,359
Roger,359
Shiloh,359
Tommy,358
Mitchell,356
Azariah,354
Noe,354
Talon,354
Deandre,353
Lochlan,353
Joe,350
Carmelo,349
Otis,349
Randy,348
Byron,345
Chaim,344
Lennon,343
Devon,342
Nathanael,342
Bruno,341
Aryan,340
Flynn,340
Vicente,340
Brixton,339
Kyro,339
Brennan,338
Casen,337
Kenzo,334
Orlando,334
Castiel,333
Rayden,333
Ben,332
Grey,332
Jedidiah,332
Tadeo,330
Morgan,329
Augustine,328
Mekhi,328
Abdullah,326
Ramon,326
Saint,326
Emery,325
Maurice,325
Jefferson,324
Maximo,324
Koa,323
Ray,323
Jamie,320
Eddie,318
Guillermo,318
Onyx,318
Thaddeus,318
Wayne,318
Hassan,317
Alonso,316
Dash,316
Elisha,316
Jaxxon,315
Rohan,315
Carl,314
Kelvin,314
Jon,312
Larry,311
Reese,311
Aldo,310
Marcel,310
Melvin,310
Yousef,310
Aron,309
Kace,309
Vincenzo,309
Kellan,308
Miller,308
Jakob,307
Reign,307
Kellen,304
Kristopher,304
Ernesto,303
Briar,302
Gary,302
Trace,302
Joey,301
Clyde,298
Enoch,298
Jaxx,297
Crosby,296
Magnus,296
Fisher,295
Jadiel,295
Bronson,294
Eugene,294
Lee,294
Brecken,292
Atreus,291
Madden,291
Khari,290
Caspian,289
Ishaan,289
Kristian,288
Westley,288
Hugh,287
Kamryn,287
Musa,287
Rey,286
Thatcher,286
Alfred,285
Emory,285
Kye,285
Reyansh,285
Yahir,284
Cain,283
Mordechai,283
Zayd,283
Demetrius,282
Harley,282
Felipe,281
Louie,281
Branson,280
Graysen,279
Allan,278
Kole,278
Harold,277
Alvaro,274
Harlan,274
Amias,273
Brett,273
Khalid,273
Misael,273
Westin,273
Zechariah,273
Aydin,272
Kaiser,272
Lian,272
Bryant,271
Junior,271
Legacy,271
Ulises,270
Bellamy,269
Brayan,268
Kody,268
Ledger,268
Eliseo,267
Gordon,267
London,267
Rocky,267
Valentin,267
Terry,266
Damari,265
Trent,265
Bentlee,263
Canaan,263
Gatlin,263
Kiaan,262
Franco,261
Eithan,260
Idris,260
Krew,260
Yehuda,259
Marlon,258
Rodney,258
Creed,257
Salvatore,257
Stefan,257
Tristen,257
Adrien,255
Jamal,255
Judson,255
Camilo,254
Kenny,254
Nova,254
Robin,254
Rudy,254
Van,254
Bjorn,253
Brodie,252
Mac,252
Jacoby,251
Sekani,251
Vivaan,251
Blaine,250
Ira,250
Ameer,249
Dominik,249
Alaric,248
Dane,248
Jeremias,248
Kyng,248
Reginald,248
Bobby,247
Kabir,247
Jairo,246
Alexzander,245
Benicio,245
Vance,245
Wallace,245
Zavier,245
Billy,244
Callahan,244
Dakari,244
Gerald,243
Turner,243
Bear,242
Jabari,242
Cory,241
Fox,241
Harlem,241
Jakari,241
Jeffery,241
Maxton,241
Ronnie,241
Yisroel,241
Zakai,241
Bridger,240
Remi,240
Arian,239
Blaze,239
Forest,239
Genesis,239
Jerome,239
Reuben,239
Wesson,239
Anders,238
Banks,238
Calum,237
Dayton,237
Kylen,237
Dangelo,236
Emir,236
Malakhi,236
Salem,235
Blaise,234
Tru,234
Boden,233
Kolten,233
Kylo,233
Aries,232
Henrik,232
Kalel,232
Landry,232
Marcellus,231
Zahir,231
Lyle,230
Dario,229
Rene,229
Terrance,229
Xzavier,229
Alfonso,228
Darian,227
Kylian,227
Maison,227
Foster,225
Keenan,225
Yahya,225
Heath,224
Javion,224
Jericho,224
Aziel,223
Darwin,223
Marquis,223
Mylo,223
Ambrose,222
Anakin,222
Jordy,222
Juelz,222
Toby,222
Yael,222
Azrael,221
Brentley,221
Tristian,221
Bode,220
Jovanni,220
Santos,220
Alistair,219
Braydon,219
Kamdyn,219
Marc,219
Mayson,219
Niklaus,219
Simeon,219
Colter,218
Davion,218
Leroy,218
Ayan,217
Dilan,217
Ephraim,217
Anson,216
Merrick,216
Wes,216
Will,216
Jaxen,215
Maxim,215
Howard,214
Jad,214
Jesiah,214
Ignacio,213
Zyon,213
Ahmir,212
Jair,212
Mustafa,211
Jermaine,210
Yadiel,210
Aayan,209
Dhruv,209
Seven,209
Stone,209
Rome,208
Achilles,207
Dimitri,207
Nickolas,207
Cedric,206
Damir,206
Isai,206
Kacen,206
Mikael,206
Skylar,206
Willie,206
Cayde,205
Craig,205
Lev,205
Davian,204
Mccoy,204
Yasir,204
Duncan,203
Eason,203
Leif,203
Osiris,203
Ulysses,203
Ralph,202
Rashad,202
Cristiano,201
Draven,201
Harris,201
Immanuel,201
Zamir,201
Harper,200
Shepard,200
Shmuel,200
Coen,199
Greysen,199
Kolt,198
Pharaoh,198
Decker,197
Dwayne,197
Eliezer,197
Frankie,197
Kendall,197
Rogelio,197
Seamus,197
Avi,196
Torin,196
Gus,195
Meir,195
Everest,194
Reagan,194
Adler,193
Agustin,193
Bishop,193
Jessie,193
Kaisen,193
Ramiro,193
Rio,193
Karim,192
Karsyn,191
Brayson,190
Justus,190
Kyzer,190
Lamar,190
Lyric,190
Shaun,190
Zackary,190
Emmet,189
Ernest,189
Gannon,189
Marley,189
Shlomo,189
Terrell,189
Hakeem,188
Zev,188
Vaughn,187
Cillian,186
Giancarlo,186
Boaz,185
Laith,185
Semaj,185
Benton,184
Karsen,184
Maddux,184
Murphy,184
Noble,184
Terrence,184
Ander,183
Montgomery,183
Ocean,183
Pierre,183
Abner,182
Brent,182
Hollis,181
Yitzchok,181
Coleman,180
Ean,180
Kooper,180
Eliam,179
Konnor,179
Raheem,179
Benedict,178
Camdyn,178
Korbyn,178
Markus,178
Slade,178
Azael,177
Evander,177
Ezrah,177
Randall,177
Brysen,176
Keagan,176
Mike,176
Payton,176
Deshawn,175
Sidney,175
Viaan,175
Zakari,175
Adiel,174
Elmer,174
Elon,174
Gilbert,174
Rolando,174
Yoel,174
Zeus,174
Chad,173
Garrison,173
Jenson,173
Shimon,173
Anton,172
Gibson,172
Kaine,172
Gianluca,171
Giovani,171
Guy,171
Coleson,170
Deangelo,170
Dominique,170
Javon,170
Jones,170
Jovani,170
Micheal,170
Nazir,170
Syncere,170
Andreas,169
Imran,169
Macklin,169
Rylen,169
Westyn,169
Zephaniah,169
Jet,168
Ryatt,168
Amar,167
Bastian,167
Bronx,167
Clarence,167
Elvis,167
Jaxtyn,167
Jonathon,167
Lucien,167
Malaki,167
Tzvi,167
Darrell,166
Kaius,166
Kamron,166
Kenan,166
Menachem,166
Aarush,165
Camron,165
Cashton,165
Joan,165
Amare,164
Bernardo,164
Cal,164
Carsen,164
Channing,164
Deklan,164
Denzel,164
Kentrell,164
Palmer,164
Deon,163
Jai,163
Jakai,163
Krish,163
Aydan,162
Jayvion,162
Avraham,161
Quintin,161
Yair,161
Aspen,160
Benny,160
Edmund,160
Eliot,160
Granger,160
Kyren,160
Gadiel,159
Knowledge,159
Kolson,159
Norman,159
Steve,159
Taj,159
Tyrone,159
Arrow,158
Azriel,158
Casper,158
Dion,158
Ever,158
Lenox,158
Ozzy,158
Veer,158
Beck,157
Bowie,157
Cedar,157
Daylen,157
Wiley,157
Yaakov,157
Benaiah,156
Isiah,156
Kaidyn,156
Riggs,156
Todd,156
Emil,155
Gray,155
Kalvin,155
Kenji,155
Mariano,155
Aurelio,154
Danilo,154
Makhi,154
Matheo,154
Rodolfo,154
Tahj,154
Zephyr,154
Cartier,153
Clifford,153
Khai,153
Kolby,153
Kruz,153
Kymani,153
Bilal,152
Eamon,152
Lyam,152
Viktor,152
Cristopher,151
Jaylon,151
Jethro,151
Link,151
Truman,151
Brenton,150
Gino,150
Jaylin,150
Youssef,150
Zayan,150
Gentry,149
Jordyn,149
Khaza,149
Loki,149
Carlo,148
Finnian,148
Kaycen,148
Milton,148
Smith,148
True,148
Bernard,147
Darien,147
Jahmir,147
Koen,147
Ollie,147
Stephan,147
Aubrey,146
Cortez,146
Elio,146
Khamari,146
Laine,146
Rayyan,146
Ruger,146
Waylen,146
Wolfgang,146
Aleksander,145
Beaux,145
Gilberto,145
Pierson,145
Ryden,145
Aksel,144
Ash,144
Axle,144
Barry,144
Osman,144
Tyree,144
Destin,143
Hasan,143
Lucius,143
Vladimir,143
Chevy,142
Efrain,142
Eleazar,142
Giannis,142
Jean,142
Nikko,142
Teagan,142
Arham,141
Campbell,141
Camryn,141
Cormac,141
Freddy,141
Karl,141
Ishmael,140
Antoine,139
Atharv,139
Josias,139
Ramsey,139
Reynaldo,139
Yaseen,139
Zavian,139
Brantlee,138
Caysen,138
Dior,138
Jahseh,138
Lazarus,138
Nick,138
Tayden,138
Tylan,138
Yuvaan,138
Baron,137
Linkin,137
Marcello,137
Shivansh,137
Akeem,136
Ansel,136
Caius,136
Corbyn,136
Derick,136
Konner,136
Presley,136
Rico,136
Coby,135
Kaeden,135
Kennedy,135
Tiago,135
Aryeh,134
Nikola,134
Roderick,134
Teo,134
Aston,133
Darryl,133
Dov,133
Jael,133
Jarrett,133
Keon,133
Leeland,133
German,132
Kilian,132
Kyrin,132
Riaan,132
Ross,132
Wylder,132
Alton,131
Brenden,131
Cassian,131
Crue,131
Jamarion,131
Kartier,131
Kysen,131
Malikai,131
Ozias,131
Roan,131
Truett,131
Ayman,130
Davon,130
Demarcus,130
Denim,130
Henri,130
Malek,130
Oskar,130
Osvaldo,130
Renzo,130
Zack,130
Arden,129
Armaan,129
Atreyu,129
Gian,129
Jakobe,129
Jakobi,129
Perry,129
Rishi,129
Alessio,128
Amarion,128
Canon,128
Jamar,128
Jaydon,128
Kanan,128
Luther,128
Cian,127
Coy,127
Damion,127
Darnell,127
Glenn,127
Kain,127
Niam,127
Zen,127
Jasiel,126
Jiraiya,126
Tyrell,126
Deegan,125
Elyas,125
Syed,125
Carver,124
Clinton,124
Dovid,124
Kallen,124
Kenton,124
Oren,124
Adolfo,123
Avyaan,123
Geovanni,123
Kyron,123
Thorin,123
Yasin,123
Azai,122
Denis,122
Gionni,122
Gonzalo,122
Hans,122
Huck,122
Ilan,122
Jiovanni,122
Kodi,122
Kross,122
Neo,122
Rami,122
Rian,122
Sami,122
Zaylen,122
Braxtyn,121
Edson,121
Jahir,121
Johnathon,121
Journey,121
Keelan,121
Kenai,121
Kent,121
Klayton,121
Kyan,121
Mikah,121
Mikel,121
Quinten,121
Ammar,120
Fredrick,120
Irving,120
Jacobi,120
Levon,120
Shea,120
Sire,120
Aaryan,119
Bailey,119
Cristobal,119
Demari,119
Jacari,119
Jordi,119
Mickey,119
Tariq,119
Teddy,119
Aven,118
Braylin,118
Brexton,118
Dale,118
Isa,118
Brice,117
Izayah,117
Jaycob,117
Keller,117
Mattias,117
Neal,117
Octavio,117
Rogan,117
Rowdy,117
Auden,116
Haven,116
Monte,116
Urijah,116
Arnold,115
Avion,115
Elvin,115
Gerard,115
Kassius,115
Vince,115
Xaiden,115
Zakariya,115
Zayvion,115
Aditya,114
Aidyn,114
Camren,114
Dev,114
Eliyahu,114
Ismail,114
Jessiah,114
Kylin,114
Massimo,114
Alek,113
Canyon,113
Clint,113
Devonte,113
Fynn,113
Laken,113
Lyndon,113
Monroe,113
Phineas,113
Sevyn,113
Yeshua,113
Abdulrahman,112
Amauri,112
Asaiah,112
Braeden,112
Braiden,112
Elan,112
Jadon,112
Vernon,112
Aizen,111
Carmine,111
Ilyas,111
Ivaan,111
Jovan,111
Massiah,111
Umar,111
Brendon,110
Cru,110
Donte,110
Humberto,110
Jarvis,110
Montana,110
Myron,110
Ramses,110
Sheldon,110
Siddharth,110
Sir,110
Yerik,110
Anas,109
Eiden,109
Ewan,109
Jariel,109
Jhett,109
Kaizer,109
Linus,109
Lux,109
Ranger,109
Sunny,109
Abdul,108
Austen,108
Eitan,108
Izan,108
Kaleo,108
Kamren,108
Nestor,108
Olin,108
Shaya,108
Zakaria,108
Ziggy,108
Cornelius,107
Damarion,107
Daxon,107
Giovanny,107
Haiden,107
Jaleel,107
Kelly,107
Nigel,107
Viraj,107
Zyair,107
Barron,106
Brighton,106
Eros,106
Faris,106
Huxton,106
Kyngston,106
Loyal,106
Rhodes,106
Wren,106
Yakov,106
Ashtyn,105
Dezmond,105
Francesco,105
Jaxsen,105
Khaled,105
Lenny,105
Marquise,105
Orson,105
Yariel,105
Ayansh,104
Benito,104
Dashiell,104
Davin,104
Eddy,104
Fidel,104
Kadence,104
Kashmir,104
Kyran,104
Rishaan,104
Broderick,103
Clifton,103
Dereck,103
Ender,103
Ervin,103
Honor,103
Josh,103
Kael,103
Kamarion,103
Korben,103
Leopold,103
Noam,103
Perseus,103
Rudra,103
Rylee,103
Dan,102
Freddie,102
Kelton,102
Lucio,102
Nehemias,102
Sammy,102
Steele,102
Sultan,102
Warner,102
Advik,101
Aram,101
Finnick,101
Kiyan,101
Lloyd,101
Maksim,101
Ren,101
Taylen,101
Aamir,100
Carsyn,100
Hadi,100
Irvin,100
Linden,100
Stellan,100
Tevin,100
Truth,100
Valor,100